{"cameraMode":{"drawMode":0,"name":"Shaded","section":"Shading Mode"},"sceneLighting":false,"audioPlay":false,"sceneViewState":{"m_AlwaysRefresh":false,"showFog":true,"showSkybox":false,"showFlares":true,"showImageEffects":true,"showParticleSystems":true,"showVisualEffectGraphs":true,"m_FxEnabled":true},"in2DMode":false,"pivot":{"x":0.07201576232910156,"y":0.024341583251953126,"z":4.84826135635376},"rotation":{"x":-0.12618564069271089,"y":0.8381481170654297,"z":-0.2187611609697342,"w":-0.4834583103656769},"size":5.6660261154174809,"orthographic":false}