{"cameraMode":{"drawMode":0,"name":"Shaded","section":"Shading Mode"},"sceneLighting":false,"audioPlay":false,"sceneViewState":{"m_AlwaysRefresh":false,"showFog":true,"showSkybox":true,"showFlares":true,"showImageEffects":true,"showParticleSystems":true,"showVisualEffectGraphs":true,"m_FxEnabled":true},"in2DMode":false,"pivot":{"x":7.0985283851623539,"y":5.952915191650391,"z":0.7337530851364136},"rotation":{"x":0.07372050732374191,"y":0.5697343349456787,"z":-0.05141494423151016,"w":0.8169035315513611},"size":6.0073957443237309,"orthographic":false}