{"cameraMode":{"drawMode":0,"name":"Shaded","section":"Shading Mode"},"sceneLighting":false,"audioPlay":false,"sceneViewState":{"m_AlwaysRefresh":false,"showFog":true,"showSkybox":true,"showFlares":true,"showImageEffects":true,"showParticleSystems":true,"showVisualEffectGraphs":true,"m_FxEnabled":true},"in2DMode":false,"pivot":{"x":0.219260111451149,"y":0.20354878902435304,"z":-0.6537163853645325},"rotation":{"x":0.07372050732374191,"y":0.5697343349456787,"z":-0.05141494423151016,"w":0.8169035315513611},"size":2.668987274169922,"orthographic":false}